NOM,Prénom,Email,Mot de passe,Classe
BBI,Aaron,1@domain.com,,6 D
BEO,Abdellah,2@domain.com,,4 C
BERBI-COLO,Adam,3@domain.com,,3A
BES--DOHERT,Adam,4@domain.com,,6 C
BES--DOHERT,Adela,5@domain.com,,3 F
BET,Adem,6@domain.com,,"0,25"
BET,Adrian,7@domain.com,,5 D
BEYLI,Adrien,8@domain.com,,4 D
BEZILEIRI,Adrien,9@domain.com,,5 D
BIEOT,Adrien,10@domain.com,,"0,25"
BIRGHIIN,Adrien,11@domain.com,,3 F
BIRGIEO,Agathe,12@domain.com,,4 C
BIRVII,Agnès,13@domain.com,,6 L
BIS,Agnès,14@domain.com,,4 L
BITOV,Ahlam,15@domain.com,,3 L
BOFFI,Aida,16@domain.com,,3 F
BOIS,Aintzane,17@domain.com,,6 C
BORIEOD,Alaia,18@domain.com,,3 D
BORIEOD,Alaya,19@domain.com,,4 F
BOSC,Alboury,20@domain.com,,5 E
BOST TINOCO DE CONHE,Alessandro,21@domain.com,,4 G
BOY,Alexandre,22@domain.com,,6 E
BOZ,Alexandre,23@domain.com,,4 B
BRITO,Alexandre,24@domain.com,,6 B
BRONII-FIORINTINO,Alexane,25@domain.com,,4 C
BY,Alexia,26@domain.com,,3G
CBIRNIT,Alexiane,27@domain.com,,4 F
CEBY,Alice,28@domain.com,,"0,1666666667"
CEM,Aline,29@domain.com,,4 B
CERD,Alissia,30@domain.com,,"0,1666666667"
CERD,Alix,31@domain.com,,5 F
CERDETZ,Allan,32@domain.com,,6 C
CERDETZ,Allande,33@domain.com,,6 B
CESSOO-MENEGEL,Amaïa,34@domain.com,,3 B
CEZI--COLLIN,Amaiur,35@domain.com,,4 L
CHEDIEO,Amaiur,36@domain.com,,4 D
CHEMBRI,Amandine,37@domain.com,,6 C
CHEORREGE,Amandine,38@domain.com,,3 D
CHERT,Ambre,39@domain.com,,3 E
CHERY,Ambre,40@domain.com,,5 F
CHERY,Ambre,41@domain.com,,4 D
CHIBERNI,Ambre,42@domain.com,,"0,2083333333"
CHIBIRRY,Ambre,43@domain.com,,3 D
CHICOPER,Amélie,44@domain.com,,6 E
CHIGEREY,Amélie,45@domain.com,,5 D
CHI--HIINRICH,Amélie,46@domain.com,,5 C
CHIL,Amin,47@domain.com,,3 F
CHIN,Amy,48@domain.com,,"0,2083333333"
CHINNIC,Ana Luisa,49@domain.com,,4 G
CHIRON,Anaé,50@domain.com,,6 B
CHISNI,Anaëlle,51@domain.com,,5 E
CHITO,Anaëlle,52@domain.com,,5 C
CHITO,Anaïs,53@domain.com,,5 C
CHIT-PITRY,Ana-Louisa,54@domain.com,,"0,1666666667"
CHIT-PITRY,Ancelain,55@domain.com,,5 E
CHIVIRRY,Andoné,56@domain.com,,6 E
CHIVIRRY,Andoni,57@domain.com,,6 C
CHIVIRRY,Andoni,58@domain.com,,4 C
CHIVIRRY,Andoni,59@domain.com,,6 E
CHIVIRRY,Andoni,60@domain.com,,4 E
CHIVIRRY,Andrea,61@domain.com,,3 D
CHIVIRRY CESTEINGS,Andrea,62@domain.com,,5 F
CHOMMI,Andréa,63@domain.com,,"0,1666666667"
CHON,Angel,64@domain.com,,6 L
CIRON,Angel,65@domain.com,,3 F
CLE,Angel,66@domain.com,,"0,25"
CODIRO,Anna,67@domain.com,,5 B
COGEREY,Anna,68@domain.com,,3 B
COGEREY,Anna,69@domain.com,,4 E
COIOVRI,Anouk,70@domain.com,,3A
COLOMBI,Anouk,71@domain.com,,5 D
COMBI,Anthony,72@domain.com,,3A
COMBI,Anthony,73@domain.com,,4 D
COOFLI,Antoine,74@domain.com,,4 B
COOFLI,Antoine,75@domain.com,,"0,25"
COOIT,Antoine,76@domain.com,,3 B
COOREO,Antoine,77@domain.com,,4 F
COOREO,Antton,78@domain.com,,3 B
COOT,Antton,79@domain.com,,5 B
COSTE,Anushik,80@domain.com,,5 F
COYNECQ,Arthur,81@domain.com,,6 B
COYNECQ,Arthur,82@domain.com,,5 F
CQOIMIN,Arthur,83@domain.com,,4 D
CQOIT,Arthur,84@domain.com,,4 C
CQOIT,Asier,85@domain.com,,6 C
CQOIT,Astrid,86@domain.com,,5 G
CROIX ITCHIVIRRIE,Auguste,87@domain.com,,6 D
DDOK,Augustin,88@domain.com,,4 B
DDOK,Aurèle,89@domain.com,,4 B
DEL,Aurélie,90@domain.com,,3A
DELGO,Axel,91@domain.com,,6 B
DER--HOOILLON,Axel,92@domain.com,,3 C
DERT,Axelle,93@domain.com,,5 C
DERT,Axelle,94@domain.com,,3 F
DERT,Aziz,95@domain.com,,4 C
DERT,Badr,96@domain.com,,5 L
DI,Badr,97@domain.com,,6 E
DI,Baptiste,98@domain.com,,"0,1666666667"
DIGEREY,Baptiste,99@domain.com,,6 F
DIIO,Baptiste,100@domain.com,,3 C
DIN,Baptiste,101@domain.com,,"0,1666666667"
DIRI,Baptiste,102@domain.com,,3G
DIRICO,Baptiste,103@domain.com,,6 C
DIVILLE,Baptiste,104@domain.com,,4 C
DIVILLE,Baptiste,105@domain.com,,3 F
DIVIN,Bastien,106@domain.com,,4 G
DJI,Bastien,107@domain.com,,3A
DJI,Bastien,108@domain.com,,5 F
DOOX,Bastien,109@domain.com,,3 L
DREDI,Bastien,110@domain.com,,3 F
DREDI FIRNENDIS,Bastien,111@domain.com,,4 G
DRIGOIS,Benat,112@domain.com,,3 E
DRIGOIZ,Benjamin,113@domain.com,,6 F
DRII,Benjamin,114@domain.com,,3 D
EBIT DIT BOOCHIT,Benjamin,115@domain.com,,5 F
EBRIS-DOC,Benjamin,116@domain.com,,4 C
ECHI,Benoît,117@domain.com,,4 C
ECIIT,Benoît,118@domain.com,,4 B
ED,Bernardo,119@domain.com,,5 L
EDINI,Bixente,120@domain.com,,5 D
EFE,Brice,121@domain.com,,4 E
EFIR,Bryan,122@domain.com,,3 E
EGEIS,Camille,123@domain.com,,6 F
EGLIE-WIRMILINGIR,Camille,124@domain.com,,6 E
ELFELLEH,Camille,125@domain.com,,"0,2083333333"
ELMIIDE EZIVIDO,Camille,126@domain.com,,5 C
EMINEDI,Camille,127@domain.com,,3 D
EMINT,Capucine,128@domain.com,,"0,25"
EMMOO,Capucine,129@domain.com,,3 C
EN,Capucine,130@domain.com,,6 C
EN,Carla,131@domain.com,,4 F
ENCHIT,Carla,132@domain.com,,5 G
ENCHON,Carla,133@domain.com,,4 G
ENCID,Carla,134@domain.com,,3 F
ENDCEMP,Carline,135@domain.com,,6 F
ENE,Carrie,136@domain.com,,3A
ENE,Cassy,137@domain.com,,5 C
ENE,Cassya,138@domain.com,,5 G
ENE- LEPLECITTI,Cathy,139@domain.com,,3 B
ENEC,Cécile,140@domain.com,,6 B
ENEYE,Céleste,141@domain.com,,3 D
ENNOO,Charline,142@domain.com,,5 D
ENOLOV,Charlotte,143@domain.com,,5 B
ENTI,Charlotte,144@domain.com,,5 G
EODIENT,Charlotte,145@domain.com,,6 D
EOMENN-GONZELIZ,Charlotte,146@domain.com,,6 B
EONDIGOI,Charlotte,147@domain.com,,3 D
EOOJI,Charlotte-Maitena,148@domain.com,,3 C
EORI,Charly,149@domain.com,,3 L
ERDENI,Charly,150@domain.com,,6 F
ERESSERRY,Chloé,151@domain.com,,6 L
ERIZ,Chloé,152@domain.com,,6 D
ERLIS,Christophe,153@domain.com,,4 C
ERT,Christophe,154@domain.com,,4 F
ERT,Claire,155@domain.com,,3 C
ERTI GOOVIIE,Clara,156@domain.com,,6 D
ERTI GOOVIIE,Clara,157@domain.com,,3 C
ERY,Clara,158@domain.com,,6 L
ES GEME,Clara,159@domain.com,,6 C
ESSI,Clara,160@domain.com,,4 C
ESTECIO,Clara,161@domain.com,,6 B
ESTESSIOS,Clara,162@domain.com,,4 B
ET,Clarence,163@domain.com,,"0,1666666667"
ETILLERD,Cléa,164@domain.com,,4 L
ETZOQOY,Clémence,165@domain.com,,"0,1666666667"
EU,Clémence,166@domain.com,,"0,25"
FERGOI,Clémence,167@domain.com,,5 E
FERGOI,Clémence,168@domain.com,,5 B
FFO,Clément,169@domain.com,,4 E
FFOIR,Clément,170@domain.com,,3 C
FFONTES - LI BRES,Clément,171@domain.com,,"0,25"
FIVRI,Clément,172@domain.com,,5 D
FLISSILLI,Clémentine,173@domain.com,,"0,25"
FOORG,Clovis,174@domain.com,,3G
GEBORI,Colin,175@domain.com,,5 C
GELDI,Coline,176@domain.com,,5 D
GELE-BINICHOO,Coline,177@domain.com,,5 L
GI,Coralie,178@domain.com,,5 C
GIENNIS,Corentin,179@domain.com,,5 G
GILI,Corto,180@domain.com,,3 D
GLEDI,Cristina,181@domain.com,,3 F
GNI,Cyrielle,182@domain.com,,4 C
GNI,Cyril,183@domain.com,,5 D
GNIEO,Dael,184@domain.com,,3A
GOERDI-SIGOT,Damien,185@domain.com,,5 C
GOERDI-SIGOT,Damien,186@domain.com,,5 C
GOERDI-SIGOT,Damien,187@domain.com,,5 E
GOILHIM,Damien,188@domain.com,,5 C
GOILHIM,Daphné,189@domain.com,,6 D
GOIRRI,Darius,190@domain.com,,4 E
GOIS--HIDELGO,David,191@domain.com,,5 C
GOIS--HIDELGO,David,192@domain.com,,3 C
GOIT,Déborah,193@domain.com,,3 C
GOLE,Diane,194@domain.com,,3 L
GOSTO,Diego,195@domain.com,,5 D
GOT,Diego,196@domain.com,,3 B
GROS,Diego,197@domain.com,,3 L
HEBIB,Dolovan,198@domain.com,,3 L
HEREN,Domitille,199@domain.com,,4 G
HEREN,Domitille,200@domain.com,,4 C
HERT,Dora,201@domain.com,,5 L
HEZZEN,Doulce,202@domain.com,,"0,25"
HICHI,Driss,203@domain.com,,"0,1666666667"
HIIR - GLYZI,Dylan,204@domain.com,,4 D
HIL,Dylan,205@domain.com,,6 F
HILI,Eduardo,206@domain.com,,5 E
HIMOV,Ekhi,207@domain.com,,"0,1666666667"
HIREBIDI,Elaia,208@domain.com,,4 B
HIREMINDY HORTEDO,Elaia,209@domain.com,,6 B
HIVISTI,Elaia,210@domain.com,,5 B
HIVISTI,Elaia,211@domain.com,,5 E
HMIDLIN,Elaia,212@domain.com,,5 D
HMIDLIN,Elaia,213@domain.com,,3G
HOBIITTI,Eléa,214@domain.com,,3G
HOTIGOY,Eliès,215@domain.com,,4 D
HOTIGOY,Elijah,216@domain.com,,3 E
HOTIGOY,Elioth,217@domain.com,,6 F
HOTIGOY,Eliott,218@domain.com,,3A
HOTZ,Eliott,219@domain.com,,3 E
HRIN,Elisa,220@domain.com,,3 B
IBEOD,Elise,221@domain.com,,5 B
IBLING,Eliza,222@domain.com,,4 E
ICHERNEOD,Eliza,223@domain.com,,4 G
ICHERNEOD,Ellande,224@domain.com,,6 B
ICOIPI,Ellande,225@domain.com,,6 B
ICOIPI,Eloi,226@domain.com,,4 D
ICOIPI - TOOSSEINT,Eloïse,227@domain.com,,4 D
IDIT,Elorri,228@domain.com,,"0,1666666667"
IECH,Elorri,229@domain.com,,4 F
IENDONO,Elrick,230@domain.com,,5 E
IENT,Ema,231@domain.com,,3 E
IERT,Emilie,232@domain.com,,3 C
IERT,Emilie,233@domain.com,,3 D
IES-JIEN,Emilie,234@domain.com,,6 E
IES-JIEN,Emma,235@domain.com,,3A
IFFERD DOPRIOILH,Emma,236@domain.com,,4 F
IFFERD DOPRIOILH,Emma,237@domain.com,,3A
IFFI,Emma,238@domain.com,,6 E
IGE PIRIIRE,Emma,239@domain.com,,6 E
IGITOMI,Emma,240@domain.com,,3 C
IGITOMI,Emma,241@domain.com,,3G
IGITOMI,Emma,242@domain.com,,5 E
IGNEN,Enea,243@domain.com,,5 E
IGNIIN,Eneko,244@domain.com,,"0,1666666667"
IIS,Enya,245@domain.com,,"0,1666666667"
IJIIRO,Enzo,246@domain.com,,4 B
IL,Enzo,247@domain.com,,5 D
ILHIEN,Enzo,248@domain.com,,5 E
ILHO TIIXIIRE,Enzo,249@domain.com,,3 E
ILHO TIIXIIRE,Enzo,250@domain.com,,4 D
ILI,Enzo,251@domain.com,,6 C
ILIPPI,Eric,252@domain.com,,3 E
ILIT,Esteban,253@domain.com,,5 C
ILLIOL,Esteban,254@domain.com,,5 F
ILLIORET,Esteban,255@domain.com,,5 C
ILLIT,Esteban,256@domain.com,,"0,1666666667"
ILLOT,Estelle,257@domain.com,,4 G
ILSOO-KINKIL,Ethan,258@domain.com,,4 D
IMERD,Eva,259@domain.com,,3 L
IN,Eva,260@domain.com,,"0,1666666667"
IN,Eva,261@domain.com,,"0,1666666667"
INC,Evan,262@domain.com,,6 F
INEODII,Evan,263@domain.com,,3 L
INTI,Ewen,264@domain.com,,3A
INT-ISTIBIN,Fabien,265@domain.com,,6 F
INT-JIEN,Fallougalasse,266@domain.com,,"0,25"
IOIL-CEROSO,Fanette,267@domain.com,,4 D
IOLLIT,Fanny,268@domain.com,,6 D
IOORT,Fanny,269@domain.com,,3 D
IOSNI,Fariss,270@domain.com,,5 F
IPHEN,Faustine,271@domain.com,,5 B
IPHEN,Faustine,272@domain.com,,5 F
IPLO,Fausto,273@domain.com,,"0,1666666667"
IPLO,Félix,274@domain.com,,6 D
IR,Flavio,275@domain.com,,4 C
IRC,Fleur,276@domain.com,,6 F
IRE,Fleur,277@domain.com,,5 G
IRET,Florian,278@domain.com,,6 E
IRIEOD,Florian,279@domain.com,,6 L
IRIFI,François,280@domain.com,,6 L
IRIIR,Fulbert,281@domain.com,,6 L
IRIT,Fyona,282@domain.com,,6 L
IRITT,Gabi,283@domain.com,,5 G
IRMITI,Gabin,284@domain.com,,5 G
IRNY,Gabriel,285@domain.com,,6 B
IRON,Gabriel,286@domain.com,,4 B
IRRET,Gaëlle,287@domain.com,,"0,2083333333"
IRRI,Gaiane,288@domain.com,,6 C
IS,Gaizka,289@domain.com,,"0,1666666667"
ISCIONI,Gianni,290@domain.com,,"0,1666666667"
ISEC,Gibril,291@domain.com,,4 B
ISLETI,Grace,292@domain.com,,3 F
ISLETI,Guilain,293@domain.com,,4 B
ISSIIRI,Guillaume,294@domain.com,,5 E
IST,Guillaume,295@domain.com,,4 E
ISTIRRINE,Gwenn-Zumaia,296@domain.com,,3 C
ISTOY ELPHE,Haize,297@domain.com,,6 F
IT,Haize,298@domain.com,,4 E
IT,Haizea,299@domain.com,,6 B
ITOON-SEINSERD,Harson Prima,300@domain.com,,6 F
IT-REYNEL,Hassina,301@domain.com,,"0,1666666667"
IT-REYNEL,Henry,302@domain.com,,6 E
ITTI,Hilal,303@domain.com,,5 L
ITTIS,Hinaé,304@domain.com,,4 B
ITZ,Hugo,305@domain.com,,3 L
IX,Hugo,306@domain.com,,3A
IYI,Hugo,307@domain.com,,"0,2083333333"
IZE,Hugo,308@domain.com,,6 C
IZEL,Hugo,309@domain.com,,3 C
IZILIN,Hugo,310@domain.com,,5 L
IZON DI LEMOTTI DI RIGIS,Hugo,311@domain.com,,5 G
JELI,Hugo,312@domain.com,,3G
JJOOM OLLIVIIR,Iban,313@domain.com,,6 E
JOL,Iban,314@domain.com,,4 E
JOOS,Iban,315@domain.com,,6 C
JOS,Iban,316@domain.com,,5 B
KOTOERISON,Iban,317@domain.com,,5 G
L CESON,Iban,318@domain.com,,6 E
L PREDO,Iban,319@domain.com,,5 G
LBIRT,Idoia,320@domain.com,,4 C
LCIO,Iena,321@domain.com,,"0,25"
LDOMBIDI,Ilana,322@domain.com,,4 F
LECHOV,Ileana,323@domain.com,,3G
LED BILKECIM,Ilian,324@domain.com,,3 D
LEHEIS,Illan,325@domain.com,,5 D
LEM,Ilona,326@domain.com,,"0,1666666667"
LENDO,Ilona,327@domain.com,,6 D
LENDO,Ilona,328@domain.com,,4 D
LENDO,Ilona,329@domain.com,,3 F
LENOI,Ilyas,330@domain.com,,3 D
LENOI,Imanol,331@domain.com,,4 E
LEORINT,Imanol,332@domain.com,,6 F
LEVOLTI,Inaki,333@domain.com,,3 E
LEYE,Inès,334@domain.com,,4 L
LIFFI,Inès,335@domain.com,,5 G
LIINNI,Inès,336@domain.com,,3 B
LIME EMEREL,Inès,337@domain.com,,5 B
LIME EMEREL,Inès,338@domain.com,,4 E
LIO--MONSIGNE,Inès,339@domain.com,,5 C
LIORINCI,Inès,340@domain.com,,3 C
LIRIIR MINDY,Inès,341@domain.com,,5 D
LIT,Inko,342@domain.com,,5 D
LIT,Isabelle,343@domain.com,,3G
LIVIT,Isinda,344@domain.com,,3 D
L-KEDI,Ismât,345@domain.com,,6 D
L-KEDI,Jade,346@domain.com,,3A
LL,Jade,347@domain.com,,5 E
LLEBIRRY,Jade,348@domain.com,,5 G
LLEND,Jayson,349@domain.com,,4 C
LLIBIRT,Jeanne,350@domain.com,,5 B
LLIENO,Jeanne,351@domain.com,,4 L
LLIGRY,Jeanne,352@domain.com,,5 F
LLINOOS,Jeanne,353@domain.com,,4 L
LLIR,Jeanne,354@domain.com,,3 E
LLIR,Jeanne,355@domain.com,,3 E
LLIS,Jeanne-Elise,356@domain.com,,5 D
LLIS-MEZOO,Jérémie,357@domain.com,,"0,1666666667"
LLIT LERROQOI,Jihel,358@domain.com,,5 B
LLITIIR DI CHEMBORI,Joana,359@domain.com,,4 B
LLIT--LEMBIRT,Joaquim,360@domain.com,,5 E
LLOLIS,Johane,361@domain.com,,3G
LLON,Johane,362@domain.com,,5 C
LLON-CHOOKROON,Jokin,363@domain.com,,"0,2083333333"
LLOT,Jon,364@domain.com,,"0,2083333333"
LLOTIN,Jon,365@domain.com,,3G
LMES,Jon,366@domain.com,,6 C
LMIYDE - SOERIS,Jon,367@domain.com,,4 E
LMIYDE - SOERIS,Jordan,368@domain.com,,3 B
LOI,Jordan,369@domain.com,,3 B
LOI,Joséphine,370@domain.com,,3 B
LOOERD,Judy,371@domain.com,,"0,25"
LOT,Julen,372@domain.com,,5 G
LOT,Julen,373@domain.com,,"0,25"
LTEN,Julen,374@domain.com,,5 C
LVE,Julen,375@domain.com,,4 C
LVE,Jules,376@domain.com,,"0,1666666667"
MBI,Jules,377@domain.com,,4 G
MBIS,Jules,378@domain.com,,5 F
MBIS,Jules,379@domain.com,,4 G
MBIYI,Jùlia,380@domain.com,,5 D
MBON,Julie,381@domain.com,,5 F
MEDNE-DE CONHE,Julie,382@domain.com,,6 B
MEGNOLI,Julie,383@domain.com,,"0,2083333333"
MEISON,Julie,384@domain.com,,4 D
MEISON,Julien,385@domain.com,,4 F
MEN,Julien,386@domain.com,,4 G
MENT,Juliette,387@domain.com,,3 L
MERT,Juliette,388@domain.com,,5 C
MERT,Juliette,389@domain.com,,"0,25"
MIE,Justine,390@domain.com,,3 E
MIEDI,Justine,391@domain.com,,"0,2083333333"
MIIO-IBIRHERDT,Kaina,392@domain.com,,5 E
MIL,Karim,393@domain.com,,5 E
MIL DIROOINIEO,Ken,394@domain.com,,6 F
MINGOIS,Kengy,395@domain.com,,5 D
MINIS,Kenya,396@domain.com,,5 G
MIRINX,Kenza,397@domain.com,,5 L
MIRINX,Kepa,398@domain.com,,"0,2083333333"
MISTOY,Kepa,399@domain.com,,5 G
MIY,Kepa,400@domain.com,,4 F
MMI,Kéryan,401@domain.com,,6 E
MMICHI-LEROCHITTI,Kevin,402@domain.com,,4 F
MMIRT,Kevin,403@domain.com,,4 D
MMOND,Kévin,404@domain.com,,5 E
MMOND,Khadija,405@domain.com,,6 D
MMOO,Kilian,406@domain.com,,6 E
MON,Killian,407@domain.com,,"0,1666666667"
MONRIDON,Killian,408@domain.com,,"0,2083333333"
MONRIDON,Killian,409@domain.com,,4 G
MONT,Kilyan,410@domain.com,,4 D
MOS,Kylian,411@domain.com,,"0,2083333333"
MOTHI,Kylian,412@domain.com,,4 D
MOTHI,Kylian,413@domain.com,,4 F
MOTI,Kyliann,414@domain.com,,6 F
MPEGNOLLI,Kylie,415@domain.com,,4 G
MPEIGNON DI MERCHIVILLI,Laida,416@domain.com,,6 B
MPIOL,Lara,417@domain.com,,"0,25"
MPLIIR,Laura,418@domain.com,,3 C
MPLIIR,Lauréna,419@domain.com,,4 F
N IMITIRIO,Lea,420@domain.com,,6 D
N JOEN,Léa,421@domain.com,,3 D
NCELVIS,Léa,422@domain.com,,"0,25"
NCHIZ,Léa,423@domain.com,,5 F
NCHIZ,Léa,424@domain.com,,3 E
NCHIZ,Léa,425@domain.com,,3G
NCHOO,Léa,426@domain.com,,6 D
NCHOO,Léa,427@domain.com,,4 G
NCHOO,Léa,428@domain.com,,"0,1666666667"
NCILIT,Léa,429@domain.com,,3 L
NCILLES MECIE,Léa,430@domain.com,,5 D
NCI-TORINO,Léa,431@domain.com,,5 G
NDEO,Leila,432@domain.com,,4 D
NDIBOORI,Lena,433@domain.com,,5 G
NDIIIG,Lena,434@domain.com,,3G
NDIRSON,Léna,435@domain.com,,5 D
NDIRSON,Léna,436@domain.com,,6 F
NDIS,Lenny,437@domain.com,,4 G
NDIS,Lenny,438@domain.com,,4 B
NDONNIT,Leny,439@domain.com,,5 G
NDOYE,Leo,440@domain.com,,"0,25"
NDRII,Leo,441@domain.com,,4 D
NDRII,Léo,442@domain.com,,6 B
NDY-VIDEL,Léo,443@domain.com,,6 B
NEOD,Léo,444@domain.com,,3 F
NEOLT,Léonor,445@domain.com,,3 F
NEOLT,Lexanne,446@domain.com,,3 F
NEOLT,Liam,447@domain.com,,3 C
NEOOI BINHOOCHEMI,Lili,448@domain.com,,6 E
NERFE,Lili,449@domain.com,,3 D
NG,Lili,450@domain.com,,6 C
NGIR,Lilian,451@domain.com,,3 E
NGOIT,Lilie,452@domain.com,,5 E
NGORE,Lilo,453@domain.com,,4 C
NHOMMI,Lilou,454@domain.com,,3 E
NI,Lilou,455@domain.com,,3 F
NIEOX,Lilou,456@domain.com,,3 E
NINI,Lisa,457@domain.com,,6 C
NITTI,Lisa,458@domain.com,,4 C
NITTI,Lisa,459@domain.com,,5 C
NIZ,Lisian,460@domain.com,,4 G
NMIBERIK,Loan,461@domain.com,,5 B
NNI- HEDIDI,Lola,462@domain.com,,4 C
NNI-HEDIDI,Lola,463@domain.com,,5 B
NNIIR,Lola,464@domain.com,,"0,1666666667"
NNIIR,Lola,465@domain.com,,3 E
NNIMEISON,Lola,466@domain.com,,"0,25"
NNOON,Lola,467@domain.com,,"0,2083333333"
NO,Lola,468@domain.com,,4 E
NO,Lola,469@domain.com,,5 F
NOKYEN,Lore,470@domain.com,,6 C
NOT,Loréa,471@domain.com,,"0,1666666667"
NQOIT,Lorelei,472@domain.com,,5 G
NQOIT,Lorenzo,473@domain.com,,3 F
NQOIT,Lorenzo,474@domain.com,,3 E
NRI,Lou,475@domain.com,,3A
NRY,Louis,476@domain.com,,4 E
NSBIRRO,Louis,477@domain.com,,4 F
NSEDI,Louis,478@domain.com,,4 E
NSEDI,Louis,479@domain.com,,3A
NSEEDE,Louise,480@domain.com,,5 D
NTEINI,Louise,481@domain.com,,4 E
NTELIB,Louise,482@domain.com,,3 C
NTELIBIT,Lucas,483@domain.com,,3 C
NTEN,Lucas,484@domain.com,,5 E
NTEOD,Lucas,485@domain.com,,6 B
NTEOD,Lucas,486@domain.com,,6 D
NTEOO,Lucie,487@domain.com,,6 B
NTION,Lucie,488@domain.com,,4 G
NTOO,Lucie,489@domain.com,,5 C
NTOS COOTO,Lucie,490@domain.com,,6 B
NZELIZ,Lucie,491@domain.com,,6 D
NZIGIRS,Lucien,492@domain.com,,4 D
NZO,Lucio,493@domain.com,,6 B
NZO,Lucy,494@domain.com,,4 F
NZOO-LISPINESSI,Lucy,495@domain.com,,6 D
O,Ludovic,496@domain.com,,5 B
O,Luis,497@domain.com,,4 B
OBIRTII,Luke,498@domain.com,,"0,2083333333"
OBISTI,Luna,499@domain.com,,5 B
OCH,Luna,500@domain.com,,4 C
OCHI,Luna,501@domain.com,,5 C
OCHI,Luna,502@domain.com,,6 C
OCHIR,Luna,503@domain.com,,5 G
OCHIT,Luna,504@domain.com,,3 E
OCHY,Luna,505@domain.com,,5 D
ODIBIRT RIVIRO,Lutxo,506@domain.com,,6 F
ODIEF,Maé,507@domain.com,,3G
ODIR,Maël,508@domain.com,,3A
ODIT-TORQOEY,Maéline,509@domain.com,,6 E
ODRY,Maëlla,510@domain.com,,5 G
OERD,Maëlla,511@domain.com,,5 B
OEZI--JOSTIDI,Maelys,512@domain.com,,5 B
OFFOLO,Maeva,513@domain.com,,5 F
OFFRENT,Maëva,514@domain.com,,3A
OGLES,Maëva,515@domain.com,,5 L
OGON,Maia,516@domain.com,,"0,1666666667"
OGON,Maia,517@domain.com,,5 F
OGON,Maïa,518@domain.com,,5 G
OGRINI,Maialen,519@domain.com,,3A
OHERCI,Maïka,520@domain.com,,6 E
OILLI,Maïka,521@domain.com,,5 L
OILLIIR,Mailuxa,522@domain.com,,3 E
OINI,Maïna,523@domain.com,,4 G
OINNI,Maïna,524@domain.com,,4 G
OIN--PION,Malla,525@domain.com,,3 D
OIRRI--ITCHIPERI,Malo,526@domain.com,,3 C
OISCE,Manon,527@domain.com,,5 L
OJECQ,Manon,528@domain.com,,4 F
OJELEL,Manon,529@domain.com,,6 E
OKHIROOFE,Manon,530@domain.com,,6 B
OL,Manon,531@domain.com,,4 F
OLE,Manon,532@domain.com,,4 C
OLIQOIN,Manon,533@domain.com,,5 G
OLON,Manotea,534@domain.com,,6 D
OLON,Manouchca,535@domain.com,,4 G
OLSIN,Marat,536@domain.com,,4 G
OM LERCIBEL,Margaux,537@domain.com,,6 C
ON,Margaux,538@domain.com,,4 D
ONICI,Margot,539@domain.com,,3 E
ONICI,Margot,540@domain.com,,5 G
ONZIS,Margot,541@domain.com,,3 F
OODJOBI-SELOO,Marie,542@domain.com,,6 C
OOEOORI-CEZIDISSOS,Marie,543@domain.com,,3 B
OOERSENI,Marie,544@domain.com,,4 G
OOERT,Marie,545@domain.com,,4 F
OOILLERD-MICHILIT,Marie,546@domain.com,,"0,2083333333"
OOQOIIR,Marielle,547@domain.com,,5 F
OORICK,Marie-Lou,548@domain.com,,4 E
OORNIEO,Marina,549@domain.com,,4 G
OOTIN,Marina,550@domain.com,,4 C
OOZET,Marine,551@domain.com,,6 F
OP,Marius,552@domain.com,,3 D
ORCEDI,Marius,553@domain.com,,3 C
ORDENILLE,Martin,554@domain.com,,3 D
ORDON,Martin,555@domain.com,,3 D
ORE,Martin,556@domain.com,,4 D
OREOD,Martin,557@domain.com,,"0,25"
ORGIET,Martin,558@domain.com,,5 L
ORGNIOF,Marylou,559@domain.com,,4 C
ORHIS,Mateo,560@domain.com,,3 D
ORIGOI,Mateo,561@domain.com,,3 D
ORIL,Matéo,562@domain.com,,6 F
ORINCI,Mathéo,563@domain.com,,5 C
ORIS,Mathéo,564@domain.com,,6 E
ORNIEOD,Mathéo,565@domain.com,,6 E
ORO,Mathias,566@domain.com,,4 E
ORTILERRI,Mathieu,567@domain.com,,3 C
ORY,Mathieu,568@domain.com,,6 D
OSBE LICOONE,Mathieu,569@domain.com,,3G
OSI,Mathieu,570@domain.com,,6 D
OSIN,Mathilde,571@domain.com,,3 F
OSIN,Mathilde,572@domain.com,,3G
OSON,Mathis,573@domain.com,,6 D
OSQOIS,Mathis,574@domain.com,,3A
OSSEDI,Mathis,575@domain.com,,4 B
OSSEOD,Mathys,576@domain.com,,5 F
OSSIEO,Mathys,577@domain.com,,4 F
OSSIEO-DI LE IGLISIE,Mathys,578@domain.com,,3 E
OSSII,Matteo,579@domain.com,,4 L
OSSILIN-CHEOVI,Matteo,580@domain.com,,6 L
OTCERINE,Matthieu,581@domain.com,,4 D
OTCERINE,Matthieu,582@domain.com,,"0,2083333333"
OTENT,Matthieu,583@domain.com,,5 E
OTIEOX,Matthieu,584@domain.com,,5 D
OTRIL,Mattis,585@domain.com,,3G
OX,Maude,586@domain.com,,3 C
OX,Maurice,587@domain.com,,6 C
OX,Max,588@domain.com,,6 C
OX,Maxence,589@domain.com,,4 E
OX,Maxence,590@domain.com,,5 B
OYIR,Maxime,591@domain.com,,3G
OZETS,Maxime,592@domain.com,,3G
OZIT,Maxime,593@domain.com,,3A
OZTIGOI,Maxime,594@domain.com,,3 E
PEDETO,Maxime,595@domain.com,,5 D
PIES,Maxine,596@domain.com,,4 F
PIES,May-Line,597@domain.com,,4 D
PIN,Médina,598@domain.com,,4 F
PIRT,Mehdi,599@domain.com,,"0,1666666667"
PIS,Mélissa,600@domain.com,,6 E
PIS,Michel,601@domain.com,,6 F
PITEL,Miguel,602@domain.com,,4 B
PLET,Mikel,603@domain.com,,4 G
PLI,Mikel,604@domain.com,,6 D
POIS,Mila,605@domain.com,,6 D
PONT-CHINI,Milène,606@domain.com,,4 G
POORTIR,Minna,607@domain.com,,"0,2083333333"
POOY,Moncéf,608@domain.com,,6 D
PPIRON,Morgan,609@domain.com,,4 G
R,Morgane,610@domain.com,,4 B
R,Morgane,611@domain.com,,6 C
RBI,Morgane,612@domain.com,,3G
RBIEOX,Morgane,613@domain.com,,5 E
RBIIR,Morgane,614@domain.com,,5 F
RBIN,Morgane,615@domain.com,,3A
RBIN,Naela,616@domain.com,,6 F
RBLEDI,Nahia,617@domain.com,,3 B
RBONNIT,Nahia,618@domain.com,,5 E
RBOSE PIRIIRE,Nahuel,619@domain.com,,5 L
RBREOD,Naia,620@domain.com,,4 G
RCHI DI KIYSIR,Naïa,621@domain.com,,6 F
RCHIONI,Naïa,622@domain.com,,4 C
RCHON,Naïs,623@domain.com,,6 C
RCIE,Naomi,624@domain.com,,5 B
RCIE,Naomi,625@domain.com,,3 L
RCIIR,Nathan,626@domain.com,,5 G
RCIL,Nawel,627@domain.com,,"0,25"
RCIRE,Neigeline,628@domain.com,,3A
RCOLLIT,Neji,629@domain.com,,5 L
RCOLLIT,Névèn,630@domain.com,,6 F
RDECHER,Nicolas,631@domain.com,,3 C
RDELLI GELLIENO,Nicolas,632@domain.com,,3 C
RDEN,Nicolas,633@domain.com,,4 E
RDETO,Nikolas,634@domain.com,,4 D
RDIN,Nils,635@domain.com,,6 E
RDIVET,Nina,636@domain.com,,"0,2083333333"
RDOBE,Nino,637@domain.com,,3 D
RECOTCHI,Nino,638@domain.com,,5 E
REL,Noa,639@domain.com,,6 L
REMBOORI,Noa,640@domain.com,,5 C
REMIL,Noa,641@domain.com,,3 D
REN,Noah,642@domain.com,,3 E
REO,Noelly,643@domain.com,,"0,25"
REOD,Noemie,644@domain.com,,3G
RETIGOI,Noémie,645@domain.com,,5 D
RGIT,Nolwenn,646@domain.com,,"0,2083333333"
RGOIRITTI,Norah,647@domain.com,,3 D
RGOIS,Noriane,648@domain.com,,3G
RGOS CISPIDIS,Océane,649@domain.com,,3 C
RGOY,Ohiana,650@domain.com,,4 G
RHO,Oihan,651@domain.com,,4 G
RI,Oihan,652@domain.com,,4 C
RI,Oihan,653@domain.com,,"0,2083333333"
RIBERNI,Oihan,654@domain.com,,3 C
RIERT,Oihan,655@domain.com,,6 C
RIERT DORROTHY,Oihan,656@domain.com,,3 D
RIGON,Oihana,657@domain.com,,"0,2083333333"
RIGOYIN,Oihana,658@domain.com,,"0,2083333333"
RIGOYIN,Oihana,659@domain.com,,3 D
RIILLI,Oihana,660@domain.com,,4 E
RI-LEGERISTI,Olivia,661@domain.com,,4 F
RIM I SOOSE,Olivier,662@domain.com,,5 F
RIM I SOOSE,Oscar,663@domain.com,,6 F
RIN,Oscar,664@domain.com,,3 F
RINGIR,Oscar,665@domain.com,,5 C
RINIT-RODRIGOIZ,Othmane,666@domain.com,,5 F
RINIT-RODRIGOIZ,Pablo,667@domain.com,,4 D
RINO,Pablo,668@domain.com,,3 C
RISSIIR,Paco,669@domain.com,,5 D
RISSON,Paloma,670@domain.com,,3 E
RISSON,Pantxika,671@domain.com,,3A
RITTI,Paola,672@domain.com,,"0,25"
RIZ,Pascal,673@domain.com,,3 D
RLIN-SEKEMOTO,Patxi,674@domain.com,,4 E
RMENO,Patxi,675@domain.com,,5 G
RNERD,Patxi,676@domain.com,,6 B
RNICKIR,Paul,677@domain.com,,4 F
RNII,Paul,678@domain.com,,3 C
RONNY,Paul,679@domain.com,,3G
ROO,Paul,680@domain.com,,6 F
ROOX,Paul,681@domain.com,,"0,25"
ROSINSKI-CESTY,Paul,682@domain.com,,4 D
ROSSEGEREY,Paul,683@domain.com,,6 D
ROT,Pauline,684@domain.com,,4 C
ROTCERINI,Pauline,685@domain.com,,"0,2083333333"
ROTCHIT,Pédro,686@domain.com,,4 G
ROTCHIT,Peio,687@domain.com,,"0,2083333333"
ROTIE,Peio,688@domain.com,,4 F
ROTIE,Pierre,689@domain.com,,4 F
ROTIE,Pierre Antoine,690@domain.com,,3 B
RR,Pierre-Esteban,691@domain.com,,"0,25"
RRECCI,Quentin,692@domain.com,,6 F
RREILH,Quentin,693@domain.com,,4 L
RREMINDY,Quentin,694@domain.com,,5 F
RRIBIY - POOJOL,Rafaël,695@domain.com,,3 F
RRIC,Ramuntxo,696@domain.com,,3A
RRIGOIS,Raphaël,697@domain.com,,4 F
RRIIO,Raphaël,698@domain.com,,3 E
RRIIOX JOSON,Rayan,699@domain.com,,3 L
RRINILLO,Rayhan,700@domain.com,,5 L
RRIRO CHECON,Rebecca,701@domain.com,,5 C
RRIS,Remy,702@domain.com,,4 F
RRIS,Remy,703@domain.com,,5 E
RRITCHON,René-Lucas,704@domain.com,,6 D
RRIY,Ricardo,705@domain.com,,3 E
RROE,Robin,706@domain.com,,6 C
RROE,Robin,707@domain.com,,"0,25"
RROOIT,Romain,708@domain.com,,"0,2083333333"
RSENS,Romain,709@domain.com,,6 F
RTHEBORO-CENIROT,Romain,710@domain.com,,4 E
RTHILIMY,Romain,711@domain.com,,5 E
RTHILOT,Romain,712@domain.com,,3A
RTHILOT,Romain,713@domain.com,,6 B
RTI,Romane,714@domain.com,,5 F
RTI,Romane,715@domain.com,,5 B
RTIEL,Romeo,716@domain.com,,5 C
RTIEO,Roméo,717@domain.com,,3 E
RTIGEO,Romuald,718@domain.com,,3G
RTIGOI,Ruben,719@domain.com,,6 F
RTIL,Ruben,720@domain.com,,5 B
RTILLIT,Rubine,721@domain.com,,6 B
RTIN,Sabrina,722@domain.com,,6 L
RTINIZ,Sacha,723@domain.com,,5 L
RTONI CORROY,Sacha,724@domain.com,,4 E
RVERIC,Sacha,725@domain.com,,"0,2083333333"
RVOOT,Salim,726@domain.com,,6 D
RZOOK,Salomé,727@domain.com,,5 D
S,Samuel,728@domain.com,,3G
S,Samuel,729@domain.com,,6 C
S SENTOS PEOLINO,Sarah,730@domain.com,,5 F
SCOOEO,Sarah,731@domain.com,,6 E
SCOOTI,Sarah,732@domain.com,,6 L
SCOSSI,Sara-Lou,733@domain.com,,6 E
SE,Savannah,734@domain.com,,3A
SEE,Selene,735@domain.com,,3 F
SEEDI,Selma,736@domain.com,,4 D
SELIS,Séphir,737@domain.com,,5 L
SELIS,Serigne,738@domain.com,,3 F
SGA,Shaïlie,739@domain.com,,6 D
SILVE CEMPOS,Shaima,740@domain.com,,3 B
SJERDINS,Shaina,741@domain.com,,5 C
SKEYIV,Shaïna,742@domain.com,,3 C
SKEYIV,Shan,743@domain.com,,5 C
SON,Sibylle,744@domain.com,,5 E
SPIS,Simon,745@domain.com,,5 F
SPRIES,Sokhna,746@domain.com,,4 C
SSEING,Solal,747@domain.com,,5 E
SSEING,Solène,748@domain.com,,"0,2083333333"
SSEINT,Solenn,749@domain.com,,4 E
SSENI-DIES,Souane,750@domain.com,,4 F
SSERREGOI,Stany,751@domain.com,,5 E
SSIF,Stella,752@domain.com,,5 E
SSIL,Sulaymân,753@domain.com,,3G
SSIL,Swann,754@domain.com,,4 B
SSIN,Tahina,755@domain.com,,4 D
SSINGO--HOMBIL,Taina,756@domain.com,,3A
SSON,Taïs,757@domain.com,,4 L
SSON-ENTEKI,Tess,758@domain.com,,5 L
STE FORTONE,Théo,759@domain.com,,6 D
STET PICERD,Théo,760@domain.com,,"0,2083333333"
STIDI,Théo,761@domain.com,,3 L
STIINS,Théo,762@domain.com,,4 G
STRIBETS,Thibaud,763@domain.com,,6 B
STRIC,Thibault,764@domain.com,,4 E
T,Thibault,765@domain.com,,6 B
TE,Thibaut,766@domain.com,,3A
TECHIT,Thomas,767@domain.com,,5 D
TEYNOO,Thomas,768@domain.com,,6 F
TFOORT,Thomas,769@domain.com,,6 L
THIS,Thomas,770@domain.com,,4 F
THIS,Thomas,771@domain.com,,4 E
THIY,Thomas,772@domain.com,,3 C
THOIT,Tiare,773@domain.com,,"0,2083333333"
TIILLO,Tilio,774@domain.com,,3 F
TIOT,Timotéo,775@domain.com,,3 F
TIT,Titouan,776@domain.com,,3 D
TIZ,Tom,777@domain.com,,"0,2083333333"
TIZ OCEMPO,Tom,778@domain.com,,5 B
TIZBIRIE,Tom,779@domain.com,,3G
TOHI ENDIEZEBEL,Trystan,780@domain.com,,3 B
TONIO,Turpal,781@domain.com,,5 B
TOORNIS YIRME,Txomin,782@domain.com,,5 F
TOT-ELBIRT,Ugo,783@domain.com,,3 F
TRI,Unai,784@domain.com,,6 C
TRII,Unai,785@domain.com,,5 G
TRIM,Unaï,786@domain.com,,4 D
TSEBY,Usho,787@domain.com,,"0,1666666667"
TTENIO,Valentin,788@domain.com,,6 E
TXEGOI,Valentin,789@domain.com,,4 E
VERRI,Victoire,790@domain.com,,3 D
VIGNIEO,Victor,791@domain.com,,5 F
VIIR,Victor,792@domain.com,,4 L
VIIRI,Victor,793@domain.com,,5 G
VILE EGOIRRI,Vincent,794@domain.com,,6 D
VIL-MORTIEOX,Vincent,795@domain.com,,4 L
VIN,Violette,796@domain.com,,3G
VIS DI OLIVIRE,Winkler,797@domain.com,,4 E
VIT,Xabi,798@domain.com,,5 E
VIT,Xabi,799@domain.com,,3A
VOIGNEC,Xan,800@domain.com,,"0,25"
VY,Xan,801@domain.com,,3 F
VY,Xana,802@domain.com,,5 C
YI,Xani,803@domain.com,,3A
YI,Xanti,804@domain.com,,"0,25"
YIT,Xilban,805@domain.com,,"0,25"
YLI,Yamine,806@domain.com,,6 E
YLIS,Yan,807@domain.com,,4 C
YOT,Yanis,808@domain.com,,4 C
YOT DRON,Yannis,809@domain.com,,5 F
YS,Yoann,810@domain.com,,5 D
YSSIIR,Yohan,811@domain.com,,6 B
YSSIT,Yon,812@domain.com,,6 E
YTY,Younes,813@domain.com,,5 F
ZENNI,Yuri,814@domain.com,,5 D
ZINEVI,Yvan,815@domain.com,,3 F
ZIOR,Zia,816@domain.com,,4 F
ZMENOWSKI,Zoé,817@domain.com,,5 C
ZMENOWSKI,Zoé,818@domain.com,,4 E
,Zoé,819@domain.com,,6 E
